"Data, Start: 01/01/2016 end:12/31/2016 23"
-5829
-7080
-7545
-7788
-7797
-7992
-7600
-6621
-6186
-6337
-6245
-6068
-5724
-5881
-5692
-6335
-5862
-4946
-4703
-4477
-4131
-3761
-3743
-4294
-5021
-6229
-7142
-7535
-7479
-7174
-7242
-6791
-6154
-5924
-5885
-5928
-5827
-5653
-5790
-6436
-6495
-6174
-5576
-5154
-4899
-5011
-4871
-5310
-5796
-6991
-7960
-8141
-7842
-7577
-7480
-6789
-6285
-6274
-5925
-6125
-5924
-5989
-6105
-6571
-6287
-5793
-5002
-4969
-4810
-4577
-4634
-5135
-5261
-6517
-7274
-7685
-7622
-7412
-7173
-6841
-6109
-5834
-5780
-5838
-5534
-5804
-5970
-6710
-7148
-6760
-6462
-6041
-5752
-5917
-5901
-5871
-6264
-6552
-7570
-8226
-7894
-7724
-7357
-6676
-6000
-5567
-4834
-5003
-5012
-5266
-5569
-6671
-7131
-7199
-7136
-6982
-7086
-7376
-7295
-7413
-7347
-7717
-8100
-8763
-8177
-7663
-7222
-6469
-5967
-5508
-5404
-5198
-5215
-5329
-5910
-6915
-7370
-7191
-6814
-6801
-7044
-7221
-6556
-7576
-7835
-7747
-7927
-8109
-8232
-8181
-8127
-7166
-6590
-6033
-5884
-5913
-5709
-5974
-6865
-8027
-8701
-8168
-7379
-7092
-6638
-6334
-6558
-6631
-7090
-7703
-8132
-8328
-8063
-8040
-7870
-7368
-7109
-5711
-5281
-5126
-5182
-5329
-6327
-7887
-8140
-7362
-6462
-6336
-6159
-5638
-5019
-5519
-6410
-7012
-7610
-7687
-7776
-7811
-7641
-7013
-6599
-6467
-6285
-6292
-6163
-6303
-6693
-7547
-7331
-6899
-6307
-6458
-6342
-6035
-6193
-6443
-7224
-7818
-7861
-8118
-8195
-8402
-8375
-7594
-7027
-6599
-6149
-6148
-6090
-6278
-6205
-6494
-6422
-6359
-5998
-5954
-6123
-5954
-5882
-6470
-6981
-7470
-7963
-8271
-8261
-7953
-7913
-7414
-6916
-6138
-5827
-5920
-5843
-5809
-6747
-7333
-7311
-6688
-6026
-6057
-5505
-5469
-5235
-5961
-6657
-6889
-7142
-7615
-7637
-7461
-7848
-6963
-6541
-6237
-5735
-5622
-5765
-6012
-6295
-7229
-6960
-6756
-6564
-5896
-5390
-5287
-5399
-5545
-6594
-7130
-7698
-8237
-8190
-7614
-7490
-7077
-6819
-5704
-5213
-4917
-5006
-5146
-5733
-7080
-7345
-7009
-6133
-4689
-4841
-4989
-5483
-5994
-6480
-6931
-7657
-7908
-7851
-7647
-7758
-6472
-6367
-5959
-5595
-5497
-5377
-5411
-6070
-7149
-7344
-6691
-6260
-5956
-5910
-6045
-5956
-6225
-6905
-7466
-7688
-7623
-7486
-7142
-7773
-6475
-6160
-5307
-4869
-4755
-4659
-4758
-5304
-6578
-6879
-6505
-6166
-6085
-5430
-5503
-5422
-5772
-6422
-7633
-7917
-7391
-7604
-7776
-7762
-6874
-6272
-5812
-5895
-5739
-5248
-4885
-5834
-6460
-6635
-6458
-6018
-5616
-5184
-4553
-4845
-5230
-5877
-6744
-6939
-7322
-7209
-7251
-7326
-6898
-6594
-6484
-6431
-6299
-5933
-5965
-5972
-6079
-5725
-4930
-4169
-4353
-4627
-4399
-4459
-5073
-5401
-6423
-6556
-7172
-7206
-7268
-6646
-6093
-5678
-4773
-4742
-4779
-4654
-4548
-5173
-5773
-6471
-5954
-5374
-5306
-4850
-4828
-4590
-4930
-5063
-6374
-7375
-7776
-7734
-7479
-7145
-6286
-5959
-5464
-5357
-5022
-4604
-4944
-5621
-6849
-6187
-5619
-5603
-5259
-4859
-4964
-5117
-5584
-6002
-6237
-5994
-6348
-6638
-6700
-6811
-6054
-5344
-4749
-4807
-5000
-4851
-5123
-6105
-7422
-7474
-6290
-5313
-5306
-5440
-5448
-5821
-6403
-6878
-7392
-7077
-7304
-7259
-7002
-7300
-6864
-6278
-5788
-5455
-5329
-5258
-5128
-5821
-7696
-7588
-7104
-6322
-5430
-5231
-4951
-5456
-6100
-6713
-7717
-7787
-7511
-8129
-8148
-7846
-6916
-6447
-5679
-5287
-5224
-5089
-5389
-6335
-8281
-8290
-7527
-6898
-6946
-7319
-6687
-6500
-6932
-7610
-8079
-8457
-8382
-8849
-8461
-8211
-6581
-5841
-5783
-5550
-5809
-5287
-5446
-6016
-6818
-7377
-6975
-6086
-6097
-5791
-5130
-4714
-4537
-5111
-5691
-7740
-8306
-8150
-7868
-7997
-6514
-5834
-5659
-5377
-5404
-5531
-5874
-6272
-6555
-5907
-4698
-3814
-3695
-3728
-3451
-3830
-4240
-5540
-7142
-8228
-8599
-8728
-8580
-7946
-7187
-6538
-5989
-5769
-5407
-5519
-5801
-7023
-8935
-8959
-7830
-6794
-6116
-5763
-5553
-5835
-6671
-7750
-9263
-10051
-10092
-10083
-10127
-9707
-8404
-7023
-6663
-6466
-6220
-6015
-6231
-7288
-8385
-8731
-8109
-6692
-6255
-5881
-5537
-5627
-6008
-7326
-9283
-10453
-10383
-10226
-10030
-9660
-8684
-7079
-6792
-6760
-6582
-6624
-6591
-7771
-9373
-9400
-8563
-7835
-7127
-7131
-7375
-7327
-7570
-7989
-9806
-10761
-10954
-10475
-10541
-10344
-9032
-8399
-7822
-7535
-7575
-7554
-7409
-8274
-9390
-9580
-8804
-7726
-7259
-7029
-7522
-7363
-7773
-8397
-9543
-9983
-10323
-10161
-9670
-9583
-8755
-7922
-7164
-7079
-6891
-6600
-6722
-7162
-8480
-8941
-7969
-6782
-6896
-6729
-6487
-6709
-6983
-7618
-8819
-10427
-10566
-10147
-9708
-9325
-8131
-7779
-7277
-7066
-6725
-6710
-6765
-6834
-7955
-7979
-7190
-7082
-6290
-5937
-5750
-5732
-6006
-6526
-7474
-9228
-9668
-9847
-9817
-9367
-7660
-7211
-7262
-7059
-6973
-6876
-6906
-6958
-7394
-7460
-7275
-6982
-6957
-7017
-6799
-6082
-6628
-6950
-7973
-9141
-9259
-9238
-9193
-8874
-7781
-7058
-6072
-5634
-5757
-5758
-6264
-7431
-8054
-8182
-6882
-5278
-5163
-4874
-4292
-3868
-4293
-4882
-7720
-9503
-9391
-9323
-9474
-8734
-8147
-7485
-6459
-5990
-5687
-5795
-6403
-6978
-7326
-7525
-6855
-5407
-4999
-4492
-4297
-4305
-4271
-5720
-7652
-8395
-8618
-8655
-8647
-8532
-7732
-6870
-6707
-6295
-5980
-5719
-5749
-5953
-7877
-7691
-6553
-5465
-4516
-4409
-4641
-4879
-4974
-6119
-7934
-8859
-9457
-9016
-9008
-8878
-8150
-7533
-6336
-5630
-5558
-5269
-5367
-6350
-7378
-7677
-6614
-4736
-4401
-4425
-4186
-4169
-4458
-5867
-7759
-8537
-8967
-8793
-8447
-8781
-7755
-6464
-5064
-4830
-4596
-4467
-4602
-5768
-7715
-6881
-5436
-3797
-3148
-3187
-3466
-3395
-3936
-4936
-7014
-8591
-9444
-9308
-8987
-8946
-7917
-6949
-6412
-6220
-6077
-5794
-5615
-5972
-7202
-7104
-5221
-4299
-4161
-3920
-3677
-3584
-3873
-4566
-6568
-8502
-9038
-9287
-8611
-8248
-7445
-6520
-6646
-6134
-6170
-5833
-5619
-5940
-5922
-5676
-4385
-3445
-2880
-2889
-3204
-3354
-3600
-4624
-6373
-8103
-8459
-8578
-8221
-7702
-6942
-6479
-6283
-5680
-5048
-5048
-5306
-6302
-7516
-7329
-5241
-4107
-3612
-3972
-4177
-4405
-4912
-5991
-7298
-8203
-8654
-8663
-8635
-8442
-7771
-7057
-5708
-5406
-5223
-5309
-5368
-6194
-8141
-7840
-5397
-4459
-4549
-4725
-4915
-5334
-5740
-6707
-8373
-8793
-9284
-9203
-8724
-8437
-7555
-6644
-6039
-6019
-5808
-5637
-6171
-7007
-8167
-8327
-6500
-5742
-5523
-5755
-5759
-5878
-6321
-7358
-8536
-8752
-9257
-9280
-9105
-8841
-7702
-6926
-6393
-6331
-6117
-6348
-6345
-7207
-8491
-7594
-6267
-5619
-5342
-5405
-5879
-5835
-6393
-7197
-8359
-8743
-9492
-9676
-9114
-8601
-8022
-7323
-6223
-6396
-6458
-6345
-6436
-7120
-8556
-8427
-6699
-6317
-6082
-6281
-6443
-6363
-6781
-7619
-8849
-9325
-9814
-9526
-8603
-8605
-7804
-7096
-6843
-6622
-6728
-7059
-7136
-7397
-7916
-7393
-6805
-6211
-5975
-6095
-5668
-5343
-5415
-5983
-6872
-7700
-8499
-8441
-7602
-7566
-7200
-6634
-6455
-6440
-7134
-7009
-6840
-7167
-7247
-6607
-5677
-4621
-4116
-4736
-4990
-5145
-5511
-6231
-7132
-7708
-8615
-8712
-8049
-7861
-7412
-7404
-7093
-6921
-6973
-6793
-6862
-7073
-7636
-7345
-6047
-5619
-5539
-5820
-6010
-6356
-6088
-6244
-7256
-7640
-8654
-8364
-8001
-7889
-7300
-7052
-6840
-6569
-6703
-6716
-6386
-6737
-7672
-7461
-6630
-6196
-6453
-6516
-6538
-6294
-6389
-6602
-7507
-8216
-8737
-8029
-7563
-7849
-7225
-6987
-6353
-5842
-5689
-5678
-5734
-6055
-7314
-7465
-7247
-6704
-6504
-7000
-7042
-7059
-6477
-6799
-7103
-7645
-8464
-7841
-7428
-7382
-6830
-6549
-6751
-6575
-6497
-6355
-6557
-6729
-7503
-7919
-7128
-6404
-6431
-6417
-6181
-5732
-5839
-5670
-6750
-7781
-8560
-8376
-8310
-8396
-7714
-7444
-6741
-6657
-6658
-6728
-6478
-7020
-8186
-7595
-6713
-5376
-5432
-5411
-5315
-5273
-5481
-5942
-6287
-8166
-9056
-8520
-8463
-8397
-7606
-6854
-6165
-6061
-6558
-6660
-6826
-7028
-7649
-7133
-5681
-5163
-5346
-5045
-4825
-4489
-4750
-5259
-6719
-8468
-9292
-9119
-9026
-8761
-8022
-7232
-7272
-7098
-6733
-6290
-6218
-6665
-6788
-6012
-4608
-4178
-3627
-3358
-3258
-3191
-3599
-4339
-5580
-7690
-8437
-8218
-8217
-8307
-7104
-6241
-5940
-5498
-5357
-5785
-6377
-6807
-8176
-7592
-6314
-6384
-6071
-5576
-5809
-5934
-6285
-6754
-7758
-8378
-9158
-8785
-8715
-9146
-7888
-6917
-6169
-5887
-6099
-6028
-6140
-6301
-7650
-7559
-7006
-6565
-6687
-6847
-6823
-7185
-7445
-7817
-8735
-9078
-9640
-9256
-8753
-8578
-7589
-7112
-6661
-6499
-6417
-6361
-6683
-7066
-8112
-8272
-7164
-6143
-5941
-5763
-5910
-6562
-6843
-7340
-8332
-9080
-9774
-9660
-9302
-9171
-7985
-7054
-6192
-6047
-6257
-5984
-6219
-7173
-8262
-8006
-7017
-6304
-6089
-6677
-6879
-6861
-7401
-7609
-8629
-9326
-10073
-9892
-9420
-9207
-8020
-6942
-6576
-6358
-6419
-6135
-6399
-7280
-8051
-7640
-6469
-5917
-5729
-6026
-6115
-6511
-6742
-7453
-8201
-8763
-9178
-8763
-8454
-8306
-7258
-6874
-6683
-6546
-6339
-6286
-6642
-7289
-7553
-6689
-5787
-5581
-5698
-5240
-5779
-5655
-5646
-5945
-6837
-8379
-9210
-8787
-8473
-8242
-7391
-6829
-6584
-6112
-6236
-6493
-6841
-7416
-7589
-7428
-6601
-6553
-6661
-6438
-6373
-6422
-6815
-7138
-8071
-8400
-8622
-8633
-9017
-8944
-8497
-7306
-6701
-6475
-6675
-6707
-6886
-7410
-8367
-8063
-6894
-6621
-6837
-6534
-6350
-6053
-6064
-6239
-7337
-8470
-9112
-8765
-8339
-8298
-7584
-6678
-6819
-7225
-7027
-6943
-7554
-7912
-8383
-8186
-6598
-6473
-6052
-5765
-5835
-6387
-6527
-6894
-7581
-8365
-8981
-8734
-8232
-8059
-7657
-7241
-7020
-6780
-7446
-7499
-7628
-7955
-8598
-8452
-7610
-7316
-7392
-7494
-7542
-7944
-8160
-8266
-7747
-7864
-8789
-8535
-8620
-8481
-7808
-7099
-6875
-7185
-7151
-7510
-7483
-7776
-8463
-7984
-7216
-6633
-6747
-7242
-7330
-7750
-7800
-7953
-7962
-8418
-8724
-8834
-8422
-8083
-7761
-7171
-7425
-7515
-7268
-7233
-7289
-7472
-7774
-7489
-7228
-7331
-7691
-8135
-8307
-8430
-8443
-8310
-8475
-8637
-8834
-8827
-8967
-8768
-8242
-7317
-6482
-6297
-6498
-6337
-6303
-6548
-5873
-5294
-4335
-3887
-3871
-3737
-3512
-3335
-3429
-3804
-5252
-7256
-7948
-8240
-8453
-7914
-7748
-7272
-7513
-7370
-7173
-7421
-7516
-7955
-8503
-8074
-8199
-7727
-7884
-7495
-7467
-7340
-6962
-8005
-7762
-7954
-8662
-8389
-8133
-8222
-7789
-7267
-6370
-6297
-6370
-6124
-6695
-7825
-8132
-7479
-6362
-5442
-4915
-5612
-5640
-5593
-5142
-5095
-6039
-7429
-8349
-8120
-7978
-7868
-7493
-7217
-7044
-7160
-6917
-6845
-6958
-7536
-8467
-8455
-8119
-7606
-7494
-7552
-7439
-7457
-7716
-7838
-7891
-8724
-8978
-9184
-9145
-9020
-8396
-8341
-7728
-7496
-7416
-7929
-8131
-8104
-8555
-8080
-6804
-6749
-6774
-6897
-7391
-7380
-7321
-7735
-8722
-8947
-9513
-9460
-9041
-8831
-8442
-7727
-7877
-7893
-7813
-7747
-7678
-8190
-8883
-8496
-8164
-7848
-8055
-8339
-7954
-7862
-7290
-6990
-7068
-7821
-8786
-8709
-8751
-8668
-8063
-7755
-8079
-8442
-8167
-8176
-8044
-8105
-8056
-6082
-5320
-5198
-5083
-4862
-4864
-4693
-4559
-4346
-5326
-5894
-6351
-6372
-6460
-5957
-6136
-5994
-5902
-5997
-5864
-6144
-6195
-6197
-6383
-5474
-4910
-4310
-4031
-4348
-4774
-5031
-4964
-5723
-6250
-6049
-6284
-6963
-6815
-7387
-7166
-7617
-7491
-7785
-7933
-7848
-7898
-8094
-8156
-7247
-7260
-6821
-6693
-6268
-6118
-5769
-5831
-5830
-6897
-8189
-9327
-9158
-8963
-8198
-7681
-7760
-7471
-7240
-7073
-7559
-7966
-8606
-8751
-8167
-7528
-6737
-6589
-6315
-6281
-6344
-6373
-6857
-7602
-8644
-9262
-9237
-8778
-8695
-8163
-7806
-7970
-7816
-7943
-8249
-8472
-9172
-9262
-8210
-7401
-6733
-6354
-6317
-6785
-6983
-7174
-7306
-7955
-9056
-9818
-9780
-9041
-8315
-8184
-7704
-7869
-7785
-7901
-7964
-8103
-8892
-8826
-7633
-7001
-6523
-6553
-6711
-7016
-6872
-6682
-6586
-7620
-8787
-9507
-9553
-8913
-8308
-7725
-7643
-7535
-7068
-6864
-7139
-7816
-8609
-8761
-8235
-7607
-7156
-7172
-7217
-7285
-7450
-7649
-7396
-7513
-8032
-9041
-9008
-8929
-8275
-7989
-7748
-7200
-6945
-6916
-6853
-7485
-8150
-8479
-7156
-6498
-5787
-5622
-5321
-5439
-5445
-5237
-6420
-7143
-8169
-8590
-8848
-9060
-8482
-7828
-7852
-7423
-7298
-7210
-6959
-6748
-7340
-6973
-5859
-4959
-4421
-4220
-4489
-4138
-4693
-4708
-5185
-6650
-7689
-8265
-8699
-8406
-8079
-7448
-7689
-7474
-6931
-6870
-7275
-7961
-8763
-8940
-8227
-7297
-6998
-7290
-7123
-6627
-6400
-7114
-7669
-8210
-8934
-9442
-9034
-9232
-8370
-7777
-7264
-6685
-6613
-6917
-6776
-7470
-8992
-8667
-7746
-6526
-6306
-6066
-5669
-5732
-6028
-5800
-5070
-5656
-7156
-9346
-9364
-9373
-8380
-7690
-7472
-7547
-7878
-7802
-7679
-8215
-9052
-9356
-8218
-6809
-6481
-6216
-6390
-6431
-6389
-6360
-7262
-8158
-9017
-9777
-10013
-9397
-8648
-8535
-7854
-7450
-7367
-7469
-7638
-7773
-8922
-8872
-7685
-6799
-6479
-6349
-6370
-6355
-6364
-6151
-5872
-6743
-8191
-8946
-8641
-8839
-8522
-7997
-7084
-7104
-6534
-6106
-6066
-6802
-8368
-8228
-6971
-6084
-6279
-6212
-5504
-5265
-5891
-5723
-5330
-5938
-8044
-9055
-9235
-8569
-7834
-7433
-6604
-6175
-5970
-5826
-5971
-6766
-7774
-7345
-6131
-5173
-4372
-4213
-3822
-3980
-4214
-4694
-5133
-6192
-8184
-9400
-9138
-8911
-7919
-7638
-7156
-6877
-6607
-6476
-6441
-6345
-6978
-6795
-5893
-5248
-4712
-4437
-4241
-4204
-4393
-4082
-4279
-5336
-7028
-8280
-8612
-8488
-7843
-6687
-6086
-5704
-5832
-5944
-6117
-6649
-7709
-8045
-6536
-6108
-6455
-5929
-5600
-5747
-5628
-5689
-5794
-6418
-7677
-8973
-9056
-8299
-7743
-7043
-5863
-5179
-4860
-5045
-5708
-7187
-7999
-8350
-6336
-5295
-4676
-4655
-4970
-4553
-4753
-4994
-5111
-6067
-7672
-8761
-9206
-9103
-7931
-7333
-6352
-5854
-5727
-5892
-6440
-7299
-8427
-8797
-7009
-6377
-5941
-5830
-5935
-5963
-5815
-5446
-5992
-6983
-8646
-9493
-9814
-9436
-8091
-7500
-6982
-6549
-6128
-5997
-6091
-6841
-8119
-7991
-6649
-5003
-4458
-4111
-3930
-3929
-3677
-3688
-3802
-5006
-7717
-8497
-8701
-8430
-7262
-6504
-5376
-5037
-4943
-5430
-6219
-7170
-8446
-8447
-7001
-6260
-5707
-5658
-5326
-5522
-5704
-5808
-6199
-6865
-8221
-9146
-9338
-9168
-8187
-7461
-6987
-6732
-6513
-6394
-6919
-7202
-7671
-7223
-5172
-4346
-4325
-3941
-4407
-4492
-4484
-4402
-4551
-5145
-5916
-6482
-6539
-6205
-5596
-5263
-5089
-4496
-4956
-5342
-5376
-5421
-5825
-5182
-4245
-3679
-3820
-3911
-3744
-4114
-4390
-4664
-4660
-5302
-5861
-6504
-6720
-6505
-6037
-5586
-5811
-5751
-6130
-6388
-6662
-7478
-7956
-7901
-7099
-6537
-6284
-5908
-6209
-6264
-6239
-6402
-6644
-7099
-7999
-9164
-9306
-8809
-7856
-6918
-6710
-6532
-6473
-6650
-6904
-7540
-8840
-8756
-7558
-6883
-6623
-6525
-6792
-7037
-7676
-8173
-7907
-8231
-8992
-9932
-9877
-9271
-8331
-7941
-7650
-7305
-7033
-7024
-7315
-7932
-8595
-8180
-7648
-7724
-7399
-7154
-7103
-7545
-7659
-7834
-8349
-8327
-8794
-9482
-9666
-8781
-8147
-7945
-7723
-7362
-6720
-6744
-6872
-7135
-7841
-8049
-7747
-7247
-6856
-7024
-7276
-7601
-7813
-7620
-7554
-7702
-8428
-8675
-8982
-8370
-7773
-7868
-7423
-7357
-7132
-7194
-7502
-7900
-8395
-7103
-7053
-6926
-7073
-7338
-6784
-7350
-6743
-6913
-6943
-7463
-8369
-8862
-9239
-8830
-7791
-7342
-7197
-7007
-6705
-6470
-6826
-7219
-8033
-7879
-7862
-7585
-7589
-7740
-7722
-7813
-7517
-7675
-7377
-7931
-8387
-8534
-9057
-8656
-7727
-7459
-7522
-7492
-7563
-7320
-7134
-7085
-7354
-7198
-6990
-6410
-5699
-5769
-5769
-5860
-5942
-5888
-6295
-6724
-7695
-8405
-8455
-8026
-7628
-7052
-6600
-6942
-6791
-6892
-7276
-7516
-7886
-7811
-7505
-7243
-7168
-7116
-7288
-7102
-7697
-7443
-7715
-7891
-8326
-8752
-8881
-8433
-7919
-7764
-7767
-7563
-7669
-7579
-7781
-7834
-8190
-7989
-6798
-5975
-5661
-5469
-6178
-6152
-5715
-5760
-5699
-6132
-7225
-7922
-8064
-7779
-7224
-6902
-6719
-6697
-6263
-6259
-6804
-7182
-7624
-7579
-6245
-5969
-5892
-5732
-4976
-4878
-4789
-4902
-4662
-5557
-6705
-7812
-7916
-8031
-7600
-7009
-6702
-6622
-6592
-6498
-6251
-6750
-7463
-6783
-5966
-5113
-4974
-4544
-4239
-3981
-4028
-4334
-5348
-5844
-7014
-8015
-8255
-8290
-7839
-7469
-7190
-7103
-7026
-7007
-7266
-7078
-7817
-7495
-6317
-5268
-4936
-4770
-4772
-5031
-4577
-5013
-5355
-6118
-7099
-7788
-8895
-8443
-7851
-7187
-7504
-7584
-7609
-7650
-7534
-7288
-7380
-6534
-5464
-5107
-4864
-4782
-4663
-4775
-5153
-5662
-6050
-6703
-7802
-8277
-8904
-8753
-8599
-8547
-8302
-8293
-8068
-7733
-7961
-7948
-7446
-6995
-6371
-5902
-5832
-5828
-5586
-5723
-5797
-6330
-6789
-7252
-8291
-8965
-8950
-8762
-8010
-7748
-7608
-7195
-7027
-6843
-7140
-7624
-7828
-7332
-6578
-6243
-6186
-6547
-6779
-7423
-7190
-7358
-7120
-7481
-8200
-8631
-8379
-8158
-7727
-7151
-7402
-7011
-6926
-7100
-7375
-7523
-7970
-7696
-6919
-6654
-6855
-6901
-7211
-7782
-7772
-7886
-7656
-7743
-8063
-8789
-9043
-8596
-7917
-7559
-7826
-7576
-7773
-7824
-7890
-8128
-8822
-8365
-7404
-7197
-7044
-7027
-7111
-7363
-7462
-7404
-7543
-7738
-8216
-8735
-8883
-8740
-8428
-7992
-8251
-8212
-7957
-8129
-8455
-8873
-9019
-8806
-8190
-7634
-7299
-7157
-7255
-7347
-7530
-7194
-6734
-6952
-7690
-8467
-8706
-8655
-8491
-8284
-8132
-7961
-8071
-8036
-8237
-8223
-7919
-7979
-7074
-7127
-6425
-6850
-6806
-6807
-6510
-6523
-6725
-7034
-7580
-8442
-8761
-8702
-8468
-8351
-8501
-8537
-8274
-8192
-8442
-8564
-8131
-7656
-6810
-6182
-5997
-5475
-5088
-5179
-5191
-5407
-5282
-6095
-7805
-8781
-9516
-9180
-8816
-8435
-7532
-7740
-7311
-7294
-7332
-7333
-7483
-6814
-6252
-6006
-6244
-5877
-5537
-5254
-4756
-4670
-5131
-6136
-7971
-8896
-9103
-9335
-8861
-7924
-7481
-7120
-7173
-7196
-7389
-7406
-7882
-7616
-6757
-5902
-5751
-5617
-5303
-5258
-5405
-5749
-5969
-6835
-7802
-8624
-8827
-8864
-8321
-7896
-7325
-7135
-7196
-7266
-7736
-8081
-8123
-7266
-5610
-5810
-5386
-5298
-4927
-4915
-4517
-4794
-5127
-6030
-7855
-8718
-9247
-8728
-7974
-7341
-6755
-6207
-6060
-6206
-6379
-6920
-7700
-7199
-6123
-5750
-5927
-5676
-5395
-5315
-5385
-5567
-5996
-6880
-7561
-8469
-8958
-8691
-7896
-7339
-7439
-7271
-7078
-7162
-7430
-7788
-8296
-8143
-7528
-6877
-6433
-6073
-6041
-6097
-6169
-5974
-6041
-6166
-7354
-8874
-9170
-8572
-7891
-7650
-7066
-7118
-7189
-7157
-7047
-7005
-8054
-7267
-6459
-5665
-5750
-5537
-5460
-5310
-5223
-5202
-5571
-6144
-6977
-8181
-9062
-8848
-8530
-8017
-7880
-7614
-7423
-7413
-7227
-7287
-6790
-6784
-6344
-5327
-5541
-5472
-5695
-5438
-5189
-5686
-6576
-6773
-8082
-8753
-9164
-9066
-8771
-8498
-8258
-7784
-7740
-7614
-7666
-7571
-7818
-7205
-6157
-5786
-5616
-5899
-6232
-6848
-6865
-7201
-7806
-8696
-8954
-9335
-9623
-9346
-9172
-8514
-8007
-7703
-7557
-7420
-7685
-7574
-7891
-7477
-6917
-6772
-7019
-6954
-7112
-7025
-7191
-7522
-7612
-7776
-8383
-9043
-9289
-8509
-7684
-7827
-7675
-7481
-7246
-7300
-7307
-7394
-8175
-7983
-7127
-7227
-7322
-7487
-7448
-7241
-7472
-7819
-7830
-8211
-8657
-9003
-8630
-8630
-7889
-7636
-7811
-7832
-7765
-7462
-7891
-8154
-8817
-8221
-7955
-7234
-6915
-7113
-7100
-6709
-6341
-6663
-6880
-6889
-7425
-8032
-8683
-8688
-8133
-7701
-7621
-7350
-7314
-7361
-7754
-7700
-8113
-8069
-8253
-7825
-7424
-7818
-7513
-7248
-6894
-6909
-7078
-7467
-7905
-8289
-9044
-8710
-8129
-7917
-7925
-7743
-7624
-7532
-7562
-8148
-8495
-8278
-8165
-8169
-8184
-8472
-8020
-8162
-7915
-8170
-8069
-8469
-8518
-9382
-9720
-9788
-8829
-8335
-8193
-8289
-8056
-8436
-8362
-8312
-8301
-7665
-7320
-6690
-7074
-7327
-7508
-7632
-7197
-7403
-7086
-7280
-7991
-8715
-9548
-9100
-8863
-8360
-8655
-8484
-8585
-8502
-8362
-8116
-7531
-7149
-6865
-6426
-5890
-6000
-5886
-6159
-6052
-6333
-7009
-7631
-8231
-9111
-10053
-9634
-9029
-8658
-8732
-8430
-8292
-8180
-8528
-8713
-8542
-8309
-7562
-7381
-7273
-7392
-7325
-7039
-6611
-6623
-6755
-7264
-8385
-9535
-9914
-9645
-8747
-8212
-8138
-7899
-7883
-7783
-8062
-8499
-8819
-8644
-7894
-7951
-7939
-8052
-7830
-7746
-7758
-7965
-8005
-7832
-8344
-9565
-9576
-9784
-9254
-8818
-8694
-8403
-8442
-8640
-8602
-8696
-9074
-8571
-8322
-7507
-7070
-7102
-6923
-7172
-7361
-7409
-7566
-8167
-9078
-9806
-10447
-10393
-10139
-9396
-9333
-9024
-8699
-8447
-8426
-8622
-8791
-8273
-7566
-7268
-7315
-7222
-7332
-7051
-7321
-7613
-7783
-8440
-9207
-9688
-9910
-9630
-8679
-8087
-8522
-8418
-8247
-8344
-8562
-9262
-8863
-8196
-7677
-7223
-7228
-6994
-6886
-7517
-7503
-7284
-7084
-7416
-8040
-8931
-9641
-9629
-9376
-8455
-8319
-8258
-7907
-8193
-8339
-8067
-7990
-7278
-6368
-6313
-5809
-5509
-5195
-5004
-4649
-4655
-5235
-6413
-7682
-8951
-9704
-9532
-9281
-8690
-8513
-8268
-8091
-8178
-8218
-7951
-7095
-6528
-5362
-4109
-3921
-3223
-3199
-3205
-3855
-3957
-5033
-6117
-7081
-8715
-9573
-9476
-9040
-8497
-8364
-8175
-7486
-7284
-7882
-8378
-8879
-8264
-7971
-8453
-8471
-8406
-8031
-7414
-7145
-7011
-6578
-6937
-7853
-9124
-9526
-9274
-8772
-8403
-8437
-8251
-8379
-8341
-8305
-8944
-9105
-8766
-8730
-7883
-7668
-8390
-8344
-8284
-8700
-8689
-8824
-9155
-9612
-10139
-10304
-10257
-9524
-9530
-9137
-8829
-9077
-9191
-9089
-9165
-9460
-9287
-8802
-8470
-8121
-7969
-8137
-8419
-8417
-8420
-8340
-8629
-8784
-9635
-10318
-10120
-9382
-9217
-8440
-8504
-8414
-8321
-8357
-8584
-8790
-8570
-8320
-8086
-7651
-7515
-7363
-7107
-7295
-7369
-7026
-7424
-7818
-8938
-9517
-8965
-8446
-8254
-8437
-8191
-8189
-8094
-8196
-8489
-8371
-7451
-7504
-7473
-7360
-7299
-6870
-6628
-6751
-6748
-6952
-7385
-7920
-8438
-9388
-9077
-8986
-8452
-8645
-8076
-8082
-7902
-8012
-7780
-7265
-6325
-5546
-5254
-5172
-4899
-4437
-4282
-4767
-4961
-4860
-5857
-7190
-9045
-9738
-9431
-8887
-8478
-8459
-8502
-7768
-7714
-7516
-7271
-6910
-6209
-4914
-4448
-4706
-4896
-4999
-4960
-5119
-5088
-5067
-6614
-7178
-8536
-9621
-9626
-8736
-8326
-8278
-7685
-7392
-7465
-7832
-7692
-7935
-7216
-7245
-6885
-6597
-6550
-6538
-6547
-6887
-6868
-6548
-6719
-7473
-8467
-9209
-8951
-8059
-7997
-8207
-8252
-8132
-8238
-8412
-8409
-8725
-8153
-7866
-7375
-7296
-7553
-7173
-6925
-7330
-7357
-7377
-8070
-8591
-9342
-10113
-9951
-9283
-8733
-8464
-8342
-8354
-7945
-8184
-8542
-8761
-7906
-7269
-6902
-6689
-6144
-5705
-5882
-6043
-5921
-6064
-6984
-7976
-8820
-9926
-9992
-9234
-8439
-7859
-7694
-7556
-7673
-7905
-8070
-7941
-7659
-6988
-7195
-7146
-7401
-7094
-6775
-6824
-6829
-6909
-6974
-7931
-8844
-9627
-9479
-8761
-8357
-8316
-8051
-8228
-7720
-8027
-8051
-7498
-7228
-7086
-7015
-7566
-7479
-7384
-7400
-7667
-7853
-8288
-8207
-8276
-9856
-10452
-10395
-9504
-8992
-8973
-8560
-8940
-8802
-8749
-8939
-8214
-7462
-7408
-7053
-6914
-6817
-7242
-7303
-7299
-7537
-7271
-8064
-8651
-9537
-10373
-10390
-9351
-8981
-8539
-8447
-8030
-8102
-8386
-8538
-8064
-7012
-6004
-5899
-6079
-5777
-5769
-6215
-6782
-6560
-6415
-6451
-7424
-8082
-8862
-8420
-7911
-7716
-7610
-7796
-7516
-7215
-7102
-6894
-6457
-6054
-5569
-5898
-6438
-6542
-6869
-6975
-6925
-6982
-7095
-7980
-8419
-8993
-10049
-9023
-8479
-8224
-8064
-7677
-7091
-7054
-7356
-7833
-7788
-7333
-7278
-7329
-7435
-7377
-7248
-7139
-7342
-7466
-7255
-7735
-8273
-9295
-9657
-9071
-8282
-7974
-7695
-7494
-7283
-7500
-7669
-7877
-8560
-8605
-8011
-7516
-7178
-7105
-6946
-7075
-7006
-7084
-7063
-7586
-8806
-9302
-9927
-9315
-8791
-8399
-7927
-7993
-7965
-7915
-7933
-8267
-8661
-8433
-7843
-7608
-7640
-7877
-7952
-8142
-7871
-7752
-7635
-7611
-8479
-9084
-10175
-10219
-9241
-8787
-8308
-8080
-7913
-7563
-7766
-7899
-8301
-8009
-7036
-6745
-6813
-7135
-6708
-7075
-6507
-6826
-7583
-8233
-8788
-9325
-10147
-9708
-8580
-8091
-8152
-8063
-7980
-8071
-8175
-8607
-8073
-7069
-6776
-7049
-7331
-7429
-7090
-7255
-6856
-6972
-7105
-7678
-8257
-8767
-9407
-8663
-7563
-7587
-7541
-7214
-7154
-6724
-6678
-6904
-6005
-4879
-4208
-3891
-4137
-4555
-4541
-4503
-4486
-4545
-4733
-5341
-6721
-7642
-8219
-8165
-7541
-7141
-6655
-6220
-6306
-6337
-6673
-7427
-7178
-6564
-5628
-5511
-5189
-4936
-4273
-3905
-3156
-2963
-3092
-3844
-5583
-6734
-7256
-6868
-7334
-7202
-7188
-6912
-6713
-6850
-7067
-7622
-7730
-7011
-6370
-6287
-5582
-5089
-5362
-4993
-4978
-4844
-5010
-5485
-6459
-7193
-8204
-7805
-7944
-7737
-8198
-7914
-8079
-8260
-8397
-8944
-8973
-8665
-8219
-8222
-8204
-8077
-7426
-7070
-6932
-7016
-7329
-7622
-8458
-8603
-9275
-9113
-8549
-8467
-7977
-7378
-7529
-7535
-7816
-8062
-8571
-8785
-8145
-8597
-8187
-7727
-7653
-7588
-7535
-7526
-7493
-7674
-8783
-8998
-9582
-9506
-8674
-8631
-8236
-7789
-7902
-7793
-8028
-8532
-8942
-8963
-8539
-8700
-8455
-8086
-7889
-7545
-8274
-8186
-8329
-8551
-9359
-9959
-10078
-9777
-9368
-9123
-8748
-8693
-8764
-9007
-9103
-9268
-9391
-9089
-8679
-8529
-8219
-8126
-8100
-7746
-7575
-8030
-8068
-8188
-9244
-9871
-10059
-10570
-9622
-8999
-8539
-8733
-8496
-8089
-8119
-8632
-8349
-7407
-6486
-6432
-6388
-6284
-6418
-6387
-6667
-7043
-7467
-8273
-9150
-10223
-10908
-10491
-9614
-8504
-8056
-7280
-7410
-7636
-8082
-8483
-8721
-8093
-7742
-7615
-7154
-6936
-6911
-6877
-6831
-6857
-6989
-7429
-8508
-9567
-10018
-9988
-8678
-8208
-8001
-7498
-7547
-7577
-7722
-8104
-7728
-7341
-6736
-6191
-6078
-5818
-5603
-5666
-5453
-5731
-6054
-6766
-8071
-9039
-9826
-9454
-9047
-8377
-7297
-7267
-7472
-7659
-7772
-8242
-8321
-7497
-7117
-6904
-6372
-5788
-5254
-5141
-5110
-5384
-5425
-6393
-7563
-9344
-10625
-10524
-9527
-8692
-8401
-7854
-7842
-7986
-8045
-8102
-8342
-7506
-6917
-7058
-7538
-7440
-7201
-7473
-7715
-7603
-7606
-8173
-8866
-10013
-10937
-10586
-9736
-8859
-8012
-7656
-7701
-7712
-7965
-8083
-8444
-8172
-7594
-7556
-7526
-7841
-8008
-8266
-8211
-8034
-8289
-8426
-8977
-10162
-10960
-10482
-9210
-8603
-8394
-8230
-8186
-8005
-8034
-8023
-7889
-7079
-6389
-6593
-6970
-7385
-7680
-7621
-7811
-7712
-8336
-8532
-9186
-10112
-10562
-10790
-9612
-9060
-8890
-8546
-8734
-8567
-8221
-8192
-7811
-6503
-5742
-5729
-6382
-6860
-7456
-6955
-6967
-7285
-7416
-7944
-8669
-9016
-9700
-9517
-9232
-8407
-8064
-7630
-7400
-6890
-7057
-7782
-7285
-6443
-6318
-6327
-6295
-6286
-5514
-4791
-4502
-4504
-5004
-5628
-6261
-6730
-7023
-7877
-7719
-7538
-7447
-7579
-7494
-7331
-7683
-7635
-7913
-7682
-7073
-6932
-6303
-6833
-5989
-5370
-5300
-5155
-5218
-5506
-6066
-6094
-6988
-7460
-7321
-6942
-7177
-7121
-7103
-7327
-7406
-7509
-7680
-7413
-6207
-5870
-5606
-5315
-4748
-5198
-4945
-5159
-5310
-5412
-5881
-6707
-7135
-7878
-7594
-7542
-7310
-7610
-7912
-7935
-8174
-8255
-8564
-7723
-6871
-7064
-7198
-7278
-6851
-6592
-6404
-6779
-6606
-6705
-7539
-8214
-9060
-9183
-8707
-8597
-8333
-8314
-8146
-8353
-8247
-8421
-8902
-8674
-8051
-7538
-7517
-7299
-7207
-7273
-7427
-7463
-7451
-8246
-9032
-9654
-10351
-10611
-9558
-9096
-8571
-8349
-8364
-8220
-7429
-7664
-8054
-7176
-6612
-6174
-6242
-6230
-6360
-6148
-6072
-6066
-6415
-7155
-7371
-8240
-8632
-8322
-7488
-6998
-7095
-6868
-7039
-7099
-7203
-7259
-6745
-6159
-5777
-5782
-5977
-6318
-6082
-6308
-6513
-6061
-6035
-7001
-7685
-8275
-8510
-9235
-8986
-8249
-7824
-7533
-7557
-7372
-7628
-8065
-8336
-8094
-7647
-7528
-7320
-7368
-7052
-6993
-6539
-6560
-6240
-6898
-7293
-8013
-9295
-9498
-9152
-8855
-8434
-8122
-7850
-7761
-7674
-7941
-8415
-7715
-7490
-7715
-7631
-7257
-7249
-6974
-6602
-6556
-6886
-7325
-8699
-9274
-9490
-9309
-8866
-8485
-8399
-8063
-7938
-7901
-7893
-8683
-9475
-8455
-7268
-6989
-6847
-6687
-6592
-6725
-6061
-6720
-7215
-7951
-8928
-8903
-9221
-8973
-8756
-8555
-8208
-7993
-7944
-8091
-8552
-9155
-9530
-9294
-7972
-7721
-7287
-7560
-7524
-7528
-8236
-9107
-9733
-9792
-10452
-10367
-10683
-10742
-10085
-9515
-9792
-9011
-9350
-9240
-8987
-9466
-10027
-9986
-9893
-9767
-9533
-9624
-9465
-9440
-9242
-9277
-9390
-9749
-10105
-10368
-10887
-10553
-10277
-9864
-9593
-9631
-9509
-9418
-9167
-9712
-9527
-8480
-7637
-7576
-7925
-8379
-8314
-8779
-8954
-8846
-9190
-9916
-10777
-11548
-11740
-11204
-10289
-9737
-9215
-9387
-9344
-9567
-9687
-9837
-9705
-7893
-7217
-7120
-7085
-7124
-7393
-7772
-7529
-7942
-8417
-9234
-9673
-10409
-10723
-10708
-9653
-9301
-8889
-9078
-9350
-9383
-9525
-9771
-9265
-7804
-6782
-6386
-6759
-7067
-7156
-7529
-7737
-7628
-8393
-9071
-9698
-10404
-10762
-10176
-9618
-9168
-8495
-8156
-8302
-8327
-8690
-9163
-9149
-8451
-7391
-7122
-7050
-6874
-6734
-6907
-7306
-7423
-7983
-8678
-9256
-9600
-9989
-9983
-9033
-8166
-7698
-7431
-7436
-7406
-7650
-8387
-9051
-7868
-7466
-7334
-7806
-7855
-7758
-8074
-8179
-8159
-8275
-8615
-9145
-9731
-10488
-10585
-9409
-8570
-8013
-7452
-7403
-7360
-7728
-8010
-8898
-8703
-8153
-7805
-7917
-8162
-8315
-8207
-8546
-8119
-8254
-8494
-9590
-10293
-11063
-11009
-9684
-8652
-8493
-8128
-7953
-7835
-8147
-9089
-9634
-8889
-8160
-8121
-8087
-8326
-8540
-8710
-8895
-8833
-9376
-9773
-10114
-10806
-11086
-11177
-10622
-9599
-9039
-8879
-8451
-8562
-8687
-8804
-9198
-8109
-7141
-7047
-7274
-7883
-8144
-8284
-8244
-8468
-8660
-9420
-10340
-10972
-11330
-11235
-10507
-10109
-8862
-8639
-8216
-8336
-8898
-9216
-8303
-7096
-5963
-6199
-6175
-6219
-6609
-6646
-7129
-7511
-8310
-8708
-9452
-10435
-11214
-11358
-10559
-9668
-8871
-8727
-8218
-7709
-7791
-8199
-9390
-8768
-8344
-8191
-8092
-8414
-8372
-8418
-8179
-8203
-8590
-9230
-9882
-10482
-11203
-11027
-9519
-8396
-7848
-7663
-7828
-7522
-7910
-8312
-9011
-8118
-7283
-7401
-6762
-6865
-6925
-7066
-7271
-7259
-7540
-8362
-8908
-8852
-9601
-10199
-9068
-8384
-7914
-7312
-7473
-7458
-7733
-8458
-8654
-8069
-7822
-7979
-7684
-7452
-7235
-7221
-7366
-8034
-8791
-9267
-9585
-9840
-10606
-10368
-9349
-8604
-8090
-7742
-7902
-7780
-7995
-8276
-8745
-8482
-8139
-7689
-7449
-7589
-7470
-7549
-7666
-7650
-7885
-8281
-8466
-8832
-9582
-9645
-8821
-8632
-8353
-7781
-7757
-7805
-7780
-8360
-9077
-8720
-8205
-8237
-7950
-7750
-7752
-7525
-7741
-7973
-8209
-8519
-9157
-9491
-10231
-9928
-9163
-9050
-8434
-8314
-8320
-8318
-8431
-8614
-8778
-8106
-7288
-7466
-7429
-7659
-7692
-7908
-7813
-7360
-7932
-8246
-8914
-9599
-10200
-10041
-8869
-8282
-8142
-8005
-8053
-8193
-8149
-8319
-7990
-6591
-6094
-6039
-6228
-6802
-6746
-6788
-6737
-6633
-7273
-8177
-8948
-9591
-9940
-9800
-9032
-8753
-7830
-7693
-7491
-7682
-7712
-8171
-8901
-8523
-8419
-7767
-7383
-7213
-7361
-7313
-7586
-7072
-7649
-8210
-8823
-9623
-9841
-9541
-9112
-8542
-7861
-7711
-8162
-8084
-8306
-8753
-9114
-8212
-7925
-7801
-7671
-7372
-7315
-7396
-7167
-7675
-8403
-9061
-9751
-9759
-9569
-9783
-9255
-9122
-8340
-7753
-7865
-7805
-8207
-8238
-8255
-7635
-7533
-7428
-6957
-6893
-6349
-6691
-6773
-7205
-7566
-7981
-8364
-8698
-9764
-9564
-9324
-8584
-7145
-6967
-7013
-6959
-6665
-6905
-7263
-6728
-6252
-6314
-6085
-5442
-5426
-5526
-5445
-5162
-4526
-5143
-6224
-7436
-8178
-8889
-8302
-8040
-7692
-7537
-7358
-7119
-7273
-7652
-7993
-7456
-7254
-6594
-6539
-6187
-6362
-6218
-5974
-6040
-6210
-6733
-7400
-7640
-8399
-8625
-8805
-8243
-8498
-8425
-8204
-8147
-8542
-8522
-8248
-7506
-7145
-6783
-6498
-6494
-6990
-7168
-7118
-7159
-7466
-8007
-8285
-8332
-9092
-8967
-9313
-8585
-6651
-6344
-6453
-6551
-6854
-6942
-7057
-6316
-5733
-5145
-4824
-4823
-5325
-5420
-6052
-6479
-7103
-7689
-7972
-8246
-9059
-9050
-7728
-6847
-5674
-5549
-5880
-5927
-6172
-6503
-7173
-6753
-5739
-4809
-5185
-5192
-5241
-5549
-5272
-5320
-5329
-5546
-6497
-7291
-7650
-7068
-6485
-6826
-7724
-7730
-7600
-7999
-8242
-8082
-7826
-7403
-6715
-6697
-6534
-6480
-6071
-5882
-5936
-6225
-6350
-6746
-7134
-7626
-8411
-8425
-8270
-8383
-8029
-8040
-7882
-7536
-7759
-7948
-7190
-6778
-5848
-5456
-5446
-4809
-3719
-3556
-3418
-3317
-3142
-3546
-4602
-4893
-6532
-6705
-7691
-7496
-7513
-7182
-6818
-6625
-6619
-7295
-6884
-6226
-5665
-5476
-5027
-4346
-3584
-2896
-2092
-2571
-3215
-3149
-3925
-4210
-5088
-6551
-7906
-7861
-7438
-7266
-7074
-6953
-7213
-7202
-6987
-6600
-5693
-5437
-5738
-5878
-5068
-3804
-3456
-3124
-3908
-4025
-4937
-5617
-5744
-7662
-8409
-8607
-7909
-7831
-8073
-8104
-7827
-7968
-8878
-8590
-8992
-8517
-8237
-8157
-8232
-8050
-8146
-7943
-8006
-8687
-8880
-9510
-9645
-9975
-9948
-9908
-8902
-8662
-8521
-8642
-8822
-8553
-8689
-7895
-6899
-6871
-6841
-7079
-7466
-7589
-7237
-7982
-8279
-8276
-8728
-9422
-9167
-9485
-8944
-8413
-8788
-8792
-8443
-8161
-8302
-8657
-9128
-8833
-8455
-8135
-7914
-8041
-8185
-8530
-7964
-7904
-7878
-8651
-9249
-9332
-10052
-9405
-9297
-8950
-8580
-8335
-8207
-8308
-8508
-8753
-9345
-9029
-8714
-8641
-8066
-7683
-7876
-8075
-8185
-8107
-8600
-9484
-10100
-10241
-10754
-10148
-9932
-9347
-8757
-8124
-7571
-7733
-8032
-8850
-8516
-8167
-7409
-7561
-7691
-8063
-7573
-7523
-7659
-7264
-8042
-8313
-8919
-9175
-10165
-9562
-9279
-8269
-7582
-7111
-6421
-6397
-6814
-7374
-7468
-7216
-6893
-6865
-7241
-7286
-7585
-7505
-7625
-7368
-7161
-7859
-8320
-8885
-9665
-9519
-9028
-8588
-7802
-7110
-7368
-7384
-7861
-8343
-8993
-8387
-7658
-7646
-7532
-7716
-7551
-7232
-7485
-7968
-8102
-8644
-9515
-9729
-10444
-9866
-9340
-8619
-8151
-7974
-7902
-7751
-7920
-8176
-8037
-7667
-7272
-7210
-7081
-6957
-7012
-6926
-7389
-7616
-7944
-8546
-9377
-9765
-10345
-9608
-9034
-8366
-7974
-7392
-7398
-7405
-7351
-7648
-7835
-6727
-5626
-4855
-4780
-5657
-6512
-6772
-6940
-7107
-7775
-8575
-9679
-9733
-10090
-9603
-8839
-8291
-7688
-7671
-7572
-7500
-7664
-7919
-8794
-8488
-8302
-7828
-7700
-7907
-7948
-7765
-7637
-7511
-7957
-8813
-9444
-9622
-10191
-9756
-9142
-8207
-7855
-7318
-7233
-7300
-7599
-8382
-9376
-8587
-7757
-7470
-7589
-7749
-7784
-7789
-7857
-8375
-8829
-9518
-10489
-10561
-11347
-10996
-9867
-9163
-8135
-7950
-7663
-7650
-7942
-8448
-8880
-8320
-7829
-7451
-7510
-7151
-7514
-7550
-8479
-8786
-8950
-9315
-10160
-10743
-11339
-10574
-9339
-9044
-8247
-7781
-7492
-7575
-7482
-7725
-8443
-8060
-6961
-6622
-6643
-6572
-6677
-7015
-7700
-8151
-8417
-8947
-9499
-9704
-10039
-10040
-9408
-8375
-7531
-7184
-7143
-7331
-7080
-7529
-7628
-7010
-6434
-6462
-6299
-6517
-6161
-6472
-6279
-6242
-6265
-6551
-7024
-7159
-8349
-8486
-8913
-8331
-7796
-7178
-6744
-6759
-6863
-7046
-7555
-6823
-6147
-5797
-5610
-5665
-5806
-6243
-6279
-5956
-6098
-6515
-7293
-8360
-9699
-9737
-8803
-8712
-7726
-7506
-7126
-6871
-6885
-7107
-7051
-6425
-5685
-5594
-5553
-5952
-5524
-5895
-6071
-6421
-6583
-7079
-8217
-9077
-9460
-9434
-9072
-8110
-7439
-6763
-6295
-6331
-6363
-6746
-6914
-6460
-6038
-6030
-6058
-5655
-5149
-4962
-4748
-4427
-4278
-4820
-5848
-6724
-7513
-8482
-8339
-7718
-7456
-6771
-6595
-6700
-7003
-7412
-7851
-6810
-6147
-5719
-5359
-5264
-4582
-3353
-3233
-2917
-2482
-3461
-4399
-5362
-5414
-5790
-7277
-7418
-7491
-7219
-7184
-7424
-7390
-7739
-7981
-7887
-6864
-6769
-6558
-6304
-5579
-5966
-5019
-4813
-5203
-5819
-6394
-6900
-8118
-8758
-9148
-8870
-8216
-7756
-7562
-7618
-7629
-7999
-7482
-7670
-7286
-6864
-6752
-6849
-6360
-6056
-5744
-6504
-5969
-5939
-6845
-7794
-7736
-8295
-9180
-9223
-8304
-7636
-7678
-7789
-7816
-8067
-8184
-7984
-7165
-7058
-6911
-7165
-6684
-6233
-5782
-5600
-6227
-6898
-7310
-7879
-7827
-7547
-8511
-8328
-7290
-6704
-6788
-7106
-7161
-7260
-7720
-7334
-6049
-5866
-6059
-5643
-5533
-5217
-5147
-5457
-6129
-6535
-7477
-8500
-8933
-8116
-7898
-7262
-6732
-6328
-6675
-6811
-7196
-7313
-7838
-7199
-6620
-6518
-6719
-6648
-7286
-7510
-7197
-6922
-7507
-8605
-9362
-9879
-9875
-9838
-8707
-7766
-7559
-7581
-7362
-7270
-7339
-7295
-7830
-8108
-7727
-7493
-7502
-7111
-7054
-7255
-7070
-7519
-7977
-8625
-9787
-10540
-10523
-9869
-8280
-7682
-7057
-6769
-6972
-6776
-6783
-7059
-7699
-7518
-6738
-6530
-6476
-6448
-7106
-6956
-6945
-7240
-8097
-9132
-9853
-10011
-9756
-9294
-8069
-7330
-6589
-6359
-6446
-6385
-6395
-6527
-7255
-7090
-6615
-6276
-6235
-6101
-6082
-6155
-6294
-7467
-7682
-8341
-9177
-9297
-9681
-8992
-8186
-7490
-6984
-6629
-6605
-6449
-6846
-6999
-7608
-7375
-6766
-5929
-5732
-5761
-5118
-5885
-6180
-6358
-6632
-6849
-7776
-8348
-9006
-8782
-8020
-7264
-6762
-6625
-6869
-6841
-6958
-6774
-7041
-6794
-6408
-6354
-6192
-5911
-5791
-6039
-5710
-5873
-5944
-6602
-7518
-7831
-7873
-7224
-6934
-6806
-7394
-7561
-7560
-7861
-8170
-8344
-8961
-8553
-8088
-7616
-7029
-6782
-6670
-6626
-7077
-7121
-7769
-8507
-9221
-9776
-9787
-9542
-8510
-8075
-7196
-6937
-6671
-6550
-6703
-6830
-7420
-6625
-5481
-5047
-4882
-5244
-5728
-5722
-5962
-6111
-6764
-7760
-8544
-8653
-9146
-8721
-7771
-6945
-6220
-6242
-6346
-6501
-6340
-6363
-7031
-6955
-6885
-6637
-6479
-6422
-6791
-6975
-7172
-7438
-7903
-8529
-9462
-10222
-10326
-9883
-8552
-7724
-7204
-7178
-7445
-7392
-7365
-7574
-9095
-9023
-8358
-7884
-7751
-7316
-7519
-7906
-8249
-8704
-8647
-9467
-10265
-10701
-11008
-10666
-9581
-8383
-7471
-7383
-7258
-7356
-7240
-7646
-8752
-9002
-8143
-7572
-7652
-7963
-7647
-7920
-8434
-8437
-9275
-9666
-10290
-10472
-10512
-10544
-8955
-9059
-7843
-7582
-7635
-7720
-7891
-7873
-8788
-8585
-7666
-7776
-7136
-7561
-7181
-7428
-7740
-8117
-8867
-9666
-10528
-10621
-10564
-10203
-8463
-7725
-7330
-7397
-7422
-7491
-7628
-8068
-9003
-9075
-8506
-8308
-8067
-7905
-7655
-7824
-8317
-8382
-8900
-9654
-10178
-10984
-10795
-10922
-9436
-8719
-8391
-7961
-7957
-7964
-8142
-8362
-8688
-8026
-6870
-6155
-5913
-5602
-5549
-5531
-5650
-5653
-5953
-7030
-8456
-9442
-9999
-9400
-8663
-7705
-7747
-7571
-7301
-7676
-7670
-7942
-7644
-6759
-5762
-5370
-5247
-4869
-4314
-4249
-4149
-4181
-4601
-5942
-7863
-8745
-8859
-8949
-8157
-7220
-6487
-6471
-6865
-6821
-6921
-7338
-7375
-6709
-5800
-5105
-4987
-5081
-5091
-5150
-5377
-5090
-5928
-7229
-8742
-9389
-9763
-9555
-8084
-7260
-7010
-6640
-6641
-6556
-6789
-7295
-8058
-7802
-6908
-6665
-6572
-6601
-6702
-6776
-7001
-7468
-8008
-8772
-9679
-10402
-10580
-10090
-9525
-8150
-7704
-7840
-7918
-7804
-7978
-8587
-9743
-9423
-8531
-8030
-8366
-8478
-8555
-8743
-8476
-8302
-8833
-9572
-10045
-10524
-10882
-10355
-9211
-8647
-7538
-7666
-7721
-7781
-7502
-7286
-7828
-7557
-7069
-6612
-6529
-6662
-6382
-6640
-6927
-7033
-7612
-8375
-9092
-9600
-9643
-9108
-8210
-7265
-6006
-6024
-5997
-5813
-6002
-6373
-7619
-7460
-6326
-6065
-5658
-5619
-5459
-5966
-6594
-6865
-7122
-8107
-8334
-8488
-9023
-8386
-7615
-6676
-6852
-6628
-6702
-6606
-6514
-6797
-7203
-7205
-6272
-5481
-5620
-5814
-5984
-6123
-6169
-6720
-6949
-8057
-8907
-9586
-9789
-9246
-8418
-7578
-6901
-6773
-7107
-7047
-7028
-7184
-7698
-6944
-5494
-4944
-4938
-4759
-5067
-5108
-4961
-5086
-5504
-7016
-8042
-9090
-9014
-8083
-7108
-6584
-6152
-6085
-6375
-6657
-6715
-7023
-8000
-7290
-6282
-5965
-5593
-5262
-4697
-4767
-4979
-5284
-5721
-6618
-7966
-8923
-8855
-8020
-6845
-6191
-5935
-5924
-5955
-6039
-6169
-6729
-8153
-8518
-7043
-6675
-6077
-5759
-5324
-5431
-5589
-5296
-5419
-6467
-8230
-9434
-9267
-8801
-7520
-6411
-5745
-5604
-5724
-5879
-5985
-6656
-8435
-8075
-6384
-5832
-5454
-5083
-5009
-5477
-5729
-6019
-6141
-7612
-9424
-10207
-9953
-9667
-8533
-7416
-6772
-6635
-6580
-6695
-6589
-7230
-8273
-7911
-6627
-5914
-5849
-6016
-6013
-6672
-6492
-6571
-7029
-8055
-9130
-9821
-10145
-9367
-8469
-8162
-7194
-6716
-6648
-6651
-6941
-7834
-8687
-8354
-7144
-6842
-6582
-6373
-6438
-6758
-7001
-7266
-7830
-8769
-9601
-10006
-10005
-9739
-9109
-8537
-8352
-8102
-8538
-8712
-8542
-8686
-9088
-8498
-7817
-7151
-7040
-7167
-6498
-6802
-7273
-7393
-7866
-8878
-9993
-9942
-10264
-10289
-9444
-8947
-8219
-8358
-8771
-8644
-8645
-8387
-8770
-7874
-6773
-6082
-6075
-6403
-7098
-7356
-7244
-7603
-7908
-8791
-9536
-10150
-10111
-9845
-9597
-9023
-7995
-7629
-7832
-7676
-7478
-7845
-9142
-9200
-8329
-7963
-8058
-7726
-8445
-8725
-8800
-8688
-8862
-8832
-9546
-9935
-10291
-10161
-8856
-8046
-7704
-7396
-7101
-6925
-7142
-7287
-8582
-9025
-8825
-8311
-8573
-8697
-8805
-9142
-9095
-9100
-9234
-9741
-10353
-10495
-10161
-9635
-9057
-8290
-7450
-6818
-6513
-6774
-6887
-7532
-8919
-9044
-8641
-7971
-8150
-7953
-7838
-7968
-7739
-7621
-8212
-8827
-9209
-9390
-9484
-8914
-8221
-7712
-6255
-5855
-5998
-5959
-6163
-6611
-7648
-7319
-6119
-5451
-5321
-4476
-4543
-4596
-5056
-5689
-6445
-8157
-9158
-9612
-9696
-8758
-7551
-6794
-6277
-6229
-5964
-5964
-6145
-6809
-8092
-7871
-6931
-6459
-6334
-6023
-5615
-5460
-6348
-6703
-7008
-8390
-8998
-9471
-9612
-9065
-8250
-7918
-7415
-7379
-7630
-7662
-7933
-8246
-8879
-8338
-7321
-6472
-6234
-6032
-6109
-6556
-7204
-7752
-8316
-9243
-10078
-10740
-11030
-10569
-9831
-9239
-8575
-8140
-8116
-7910
-8058
-8026
-8510
-7638
-6287
-5626
-5425
-5785
-6182
-7007
-7305
-7605
-8068
-8924
-10062
-10267
-10424
-9946
-9424
-8423
-7503
-7456
-7372
-7306
-7391
-7856
-8581
-8710
-8203
-8011
-8212
-8216
-8758
-8773
-9138
-8646
-8555
-9187
-9774
-10500
-10701
-10184
-9076
-9351
-9134
-8457
-8386
-8341
-8220
-8350
-9471
-9265
-8923
-8542
-8465
-8317
-8212
-8574
-8033
-8580
-9088
-9542
-10207
-9879
-9955
-9577
-8998
-8755
-8432
-7850
-7558
-7393
-7454
-7888
-8643
-8782
-8529
-7815
-7829
-8091
-8153
-8562
-8626
-8831
-9362
-9928
-10219
-10353
-10118
-10036
-9357
-8668
-7472
-6979
-7001
-6663
-6625
-7201
-8529
-8497
-7802
-7153
-6844
-7571
-7963
-7750
-7547
-7676
-8375
-9019
-9717
-9364
-9401
-9686
-8858
-8465
-7556
-7448
-7932
-7679
-7733
-7959
-8737
-8956
-8269
-7834
-8072
-7782
-7481
-7855
-7792
-8097
-8780
-9683
-10412
-10440
-10253
-10117
-9155
-8230
-7311
-6854
-7282
-7321
-7432
-7384
-7509
-6774
-6366
-5813
-5882
-6033
-6020
-6184
-6328
-6268
-6564
-8070
-8698
-9133
-8995
-8472
-7254
-6698
-5897
-5695
-6115
-6163
-6204
-6262
-6452
-6299
-4941
-4182
-4023
-3864
-3730
-3342
-3248
-2883
-3909
-6160
-7101
-7622
-7426
-7174
-6645
-6489
-6071
-6313
-6598
-6780
-6596
-6912
-8089
-7426
-6870
-6450
-6061
-5746
-5625
-5558
-5815
-5638
-6517
-7663
-8563
-9342
-9343
-8421
-6698
-6164
-5781
-5230
-5344
-5383
-5650
-6101
-7523
-7315
-6063
-5499
-5379
-5086
-4759
-4295
-4432
-4328
-4793
-6549
-7880
-8258
-8196
-7721
-6440
-6123
-5546
-5646
-5527
-5608
-5738
-6501
-7174
-7152
-6362
-5259
-4829
-4688
-4507
-4673
-4784
-5218
-6323
-7351
-8245
-8777
-8605
-8219
-6806
-6368
-5730
-5500
-5698
-5842
-5939
-6304
-7485
-7521
-6410
-5517
-5249
-5109
-5479
-5614
-5703
-6009
-6591
-7750
-8628
-9206
-9262
-8921
-7722
-7360
-6430
-6231
-6205
-6197
-6177
-6495
-7393
-7249
-6678
-6183
-5853
-5969
-5889
-6012
-6492
-6920
-7181
-7683
-8022
-8204
-8251
-7858
-7218
-6673
-6368
-6205
-6159
-6241
-6211
-6088
-6654
-6496
-5957
-5068
-5044
-4873
-4848
-5031
-5475
-5842
-5762
-7016
-7432
-8281
-8298
-7670
-7078
-6477
-6564
-6662
-6972
-6907
-7126
-6988
-7226
-6664
-5810
-4672
-4661
-4921
-5164
-5109
-5451
-5612
-6339
-7460
-7840
-8635
-8945
-8357
-7697
-6856
-6388
-6224
-6407
-6620
-6673
-6913
-7900
-7389
-6856
-6386
-6349
-6259
-6447
-6498
-6770
-7013
-7610
-7965
-8521
-8391
-8444
-7783
-7058
-6062
-5055
-4837
-5066
-5006
-5204
-5304
-6207
-6591
-5839
-5194
-4720
-4248
-4091
-4122
-4404
-4569
-4769
-5933
-6702
-6959
-7115
-6779
-5878
-5358
-4510
-4253
-4281
-4358
-4468
-4650
-6114
-6398
-5615
-5437
-5020
-4701
-4455
-4252
-3817
-3719
-4114
-5348
-6208
-6634
-6786
-6614
-5486
-4561
-4715
-4865
-4764
-4665
-4937
-5278
-6711
-7042
-6128
-5548
-5331
-5166
-5167
-5457
-5844
-5836
-6366
-6690
-7066
-7311
-7557
-7150
-6515
-6345
-5972
-5941
-5865
-5908
-6014
-6278
-7295
-7287
-6596
-5716
-5144
-4824
-4703
-4967
-4832
-4704
-5289
-6521
-7048
-7556
-6903
-6555
-6249
-6070
-6222
-5826
-5490
-5476
-5830
-5913
-6700
-6558
-6044
-4932
-4398
-4090
-4135
-4023
-4019
-4531
-5428
-5878
-6966
-7249
-7411
-6942
-6608
-6399
-6156
-6106
-6270
-6478
-6218
-6353
-6731
-6158
-5773
-5285
-4959
-5058
-5034
-4706
-4632
-4729
-5125
-6310
-7173
-7481
-7681
-7326
-6524
-5907
-5757
-5708
-5742
-5906
-6005
-6291
-7333
-7595
-6673
-5661
-5445
-5476
-5346
-5102
-4929
-4997
-5518
-6946
-7688
-8023
-7699
-7169
-6221
-5766
-5803
-5890
-6175
-6154
-6240
-6440
-7183
-7618
-6306
-5485
-4584
-4572
-4311
-4535
-4358
-4903
-5489
-6753
-7975
-8172
-8289
-7965
-7038
-6521
-5914
-6113
-6179
-6149
-6357
-6931
-7412
-7358
-6563
-5580
-5275
-5118
-5006
-4675
-4599
-5387
-6023
-7165
-8025
-8821
-8425
-8021
-7459
-7287
-6802
-6793
-6855
-6766
-6685
-6876
-7765
-7659
-7000
-6201
-5890
-6033
-6473
-6392
-5961
-6635
-7053
-7831
-8629
-9025
-8963
-8547
-7650
-7723
-7071
-6966
-6751
-6702
-6639
-6846
-7282
-7480
-6519
-6274
-6100
-6158
-6205
-6436
-6505
-6541
-6943
-7858
-8530
-8686
-8830
-8434
-7514
-6965
-6528
-5933
-6161
-6248
-6259
-6467
-6744
-6431
-5708
-4942
-4590
-4198
-3869
-4361
-5313
-5519
-6168
-6793
-7479
-7928
-7850
-8208
-7457
-6764
-6168
-6190
-6176
-5951
-6043
-6068
-6414
-6555
-6210
-5763
-5706
-5727
-5795
-5610
-5949
-6164
-6706
-7474
-8137
-8235
-8258
-7824
-6469
-6406
-6320
-6134
-6210
-6421
-6285
-6994
-8020
-8160
-7693
-7267
-7021
-6989
-6944
-6892
-6637
-6993
-7284
-7643
-7682
-7896
-7747
-7399
-6709
-6183
-5784
-5609
-5635
-5435
-5432
-6137
-6987
-6803
-6357
-6446
-5372
-4985
-5121
-4912
-5162
-5430
-6298
-7069
-7444
-7531
-8044
-7673
-6561
-6328
-6338
-6552
-6665
-6347
-6405
-6675
-7848
-8280
-6987
-6308
-6085
-5829
-5745
-5635
-5919
-6400
-6911
-7472
-8014
-8310
-8881
-8477
-7242
-6846
-6546
-6485
-6547
-6323
-6344
-6470
-7605
-7577
-6855
-6464
-6720
-6929
-6863
-6963
-7053
-7545
-7719
-7854
-7693
-7808
-8009
-7949
-7486
-7544
-7227
-6996
-6644
-6417
-6185
-6561
-7254
-7539
-7096
-6967
-6409
-6295
-5734
-5431
-5674
-5978
-6245
-7138
-7361
-7842
-8028
-7991
-7107
-7354
-7173
-7039
-6832
-6638
-6760
-6991
-7267
-7609
-6856
-6667
-6126
-5925
-5910
-5852
-5759
-6033
-6300
-7449
-7568
-7828
-7776
-7679
-7269
-7475
-6877
-6698
-6855
-7012
-6921
-6976
-7339
-7316
-6900
-6615
-6298
-6069
-6057
-5695
-5385
-5390
-6013
-7058
-8652
-8861
-8789
-8394
-7721
-7273
-6854
-6567
-6500
-6625
-6919
-7642
-8572
-8909
-7709
-6724
-5921
-5634
-5272
-5599
-5544
-5595
-6036
-7759
-9039
-9254
-8910
-8154
-6978
-6607
-6562
-6570
-5973
-6117
-6841
-7369
-8224
-8556
-7312
-6761
-6139
-5112
-4368
-4200
-4073
-3953
-5321
-7868
-9505
-9738
-9266
-8742
-8450
-8066
-7745
-7716
-8027
-7767
-7664
-8158
-9157
-9237
-7906
-6636
-5868
-5615
-5715
-5644
-5747
-5886
-7239
-9513
-9753
-10235
-10207
-9790
-9132
-8691
-8037
-7790
-7627
-7561
-7403
-7840
-9076
-9557
-7999
-6535
-6498
-6339
-6380
-6608
-6938
-7271
-8479
-9888
-10780
-10892
-10687
-9968
-8627
-8253
-7695
-7302
-7314
-7202
-7120
-7756
-9229
-9902
-8486
-6900
-6433
-6170
-6349
-6485
-6815
-7295
-8462
-9900
-10572
-10744
-10226
-9702
-8560
-8123
-8312
-8364
-8215
-8243
-8416
-8700
-9325
-9416
-8369
-7293
-6699
-6285
-6282
-6156
-6594
-7054
-8003
-9927
-10764
-10738
-10392
-9710
-8922
-8135
-7999
-7847
-8181
-8432
-8182
-7751
-8254
-8852
-8076
-6976
-6539
-6670
-6956
-7105
-7568
-7088
-7894
-8642
-9724
-10045
-10212
-10339
-9463
-8470
-8027
-8309
-8296
-8089
-7954
-8226
-8818
-9785
-9209
-7729
-6695
-6616
-7035
-7550
-7901
-8622
-9306
-9603
-10122
-10453
-10557
-10609
-9984
-8702
-8531
-8592
-8600
-8377
-8303
-8658
-9072
-10065
-9631
-8544
-7882
-7540
-7464
-7659
-8133
-8539
-9660
-9799
-10295
-10782
-10567
-10507
-10441
-9873
-9178
-8919
-8816
-8441
-8437
-8334
-8604
-9747
-9104
-7772
-7273
-7570
-7896
-7733
-8126
-7434
-8629
-9581
-9835
-10045
-10454
-10306
-10281
-9525
-9095
-8616
-8553
-8394
-8379
-8310
-8419
-9738
-8795
-7656
-7517
-7985
-8442
-8639
-8884
-9058
-9761
-10487
-10960
-10633
-10552
-10629
-10518
-9897
-9169
-9024
-8744
-8320
-8148
-8105
-8622
-9419
-8823
-7697
-7371
-7776
-7943
-7749
-7952
-8328
-9243
-10132
-10611
-10770
-10483
-10308
-10095
-9266
-8710
-8501
-8387
-8823
-8797
-8836
-8777
-9395
-8796
-7834
-7580
-7415
-7635
-7972
-8436
-8691
-9115
-9914
-10424
-10973
-10523
-10464
-9817
-9083
-8546
-8355
-8026
-8213
-8532
-8573
-8552
-8584
-7326
-5915
-5409
-5336
-5473
-5789
-6308
-6770
-8248
-9339
-9992
-10270
-10255
-9659
-9293
-8701
-8193
-8052
-8028
-7899
-7958
-7969
-8237
-9246
-8364
-6952
-6467
-6477
-6935
-7314
-7477
-7624
-8382
-8901
-9751
-10043
-10195
-10003
-9739
-8832
-8418
-7397
-7247
-7221
-7159
-7482
-8189
-8933
-8006
-6599
-6038
-6439
-6637
-6782
-7057
-7035
-8151
-8921
-8949
-8994
-9056
-8928
-8417
-7719
-7306
-6636
-6360
-6516
-6547
-6766
-7334
-8009
-7786
-7346
-6797
-6067
-5541
-5556
-5636
-6140
-7436
-8080
-8163
-8604
-8482
-8406
-8467
-8075
-7463
-7212
-7131
-7210
-7197
-7691
-7666
-8391
-7199
-6543
-6175
-5768
-5381
-5105
-5376
-5895
-7096
-8045
-8466
-8767
-8549
-8264
-8415
-8240
-8043
-7644
-7370
-7018
-6916
-7336
-7598
-7946
-7431
-6434
-5874
-5482
-5326
-5349
-5807
-6112
-7179
-8469
-9138
-9044
-8743
-8727
-8584
-8178
-7983
-7704
-7335
-7346
-7206
-7332
-7908
-8301
-7108
-5761
-5454
-6122
-6215
-6151
-6226
-6759
-7935
-9041
-9154
-9506
-9437
-9334
-8969
-8640
-8040
-7375
-7550
-7608
-7634
-7571
-7770
-7939
-7606
-7097
-6698
-6856
-7164
-7352
-7786
-7894
-8240
-8985
-8996
-9190
-9159
-9070
-8790
-8080
-7238
-6807
-7250
-7372
-6668
-6755
-7341
-8140
-7424
-6301
-6350
-5990
-5577
-5559
-5592
-5906
-6762
-8282
-8575
-8857
-8358
-8328
-8258
-7660
-6826
-6490
-6542
-6585
-6674
-6949
-7770
-7935
-6934
-6106
-5257
-5217
-4970
-4621
-4929
-5686
-7399
-7994
-7785
-8992
-8905
-9018
-9050
-8205
-7394
-7185
-7049
-7180
-7305
-7347
-8012
-8500
-7843
-6483
-5833
-5496
-5017
-4943
-5126
-5518
-6551
-8149
-8482
-8778
-8719
-8452
-8210
-7757
-7460
-7361
-7415
-7658
-7614
-7594
-7795
-8055
-7359
-6090
-5158
-4769
-4723
-4819
-4848
-5390
-6864
-7993
-8611
-8573
-8610
-8531
-8320
-8091
-7917
-7441
-7387
-7680
-7697
-7951
-8020
-8504
-7558
-6001
-5488
-5034
-4764
-4638
-4986
-5619
-7253
-8767
-9029
-9262
-9067
-9267
-9028
-8570
-7944
-7347
-7370
-7467
-7515
-7666
-7818
-8195
-7625
-6611
-6524
-6601
-6926
-6848
-7376
-7629
-7896
-8050
-7941
-8475
-8453
-8393
-8099
-7928
-7554
-7434
-7384
-7536
-7532
-7810
-7972
-8056
-7832
-7142
-6546
-6437
-5829
-5916
-6803
-7458
-8161
-8377
-8485
-8933
-9372
-9514
-9000
-8376
-7678
-7171
-7216
-6849
-7057
-7401
-7645
-8354
-7935
-7819
-7708
-7081
-6996
-6722
-7097
-7396
-8352
-8101
-8646
-8949
-9017
-9046
-8797
-8284
-7903
-8013
-7918
-7479
-7367
-7200
-7409
-7926
-7884
-7275
-5968
-5144
-4863
-4593
-4681
-5329
-7035
-7831
-8522
-8795
-9086
-9294
-9100
-8583
-8382
-8688
-8385
-8067
-7897
-7998
-8228
-8471
-8126
-7119
-5211
-4686
-4855
-5127
-5298
-5781
-7771
-8301
-8785
-9113
-8895
-8718
-8692
-8624
-7910
-7337
-6929
-6824
-6978
-7304
-7920
-8102
-8021
-7168
-6862
-6712
-6414
-5840
-5959
-6557
-7626
-8008
-8575
-8511
-8438
-8519
-8194
-7853
-7522
-6714
-6692
-6972
-6906
-7323
-7841
-8428
-8040
-6961
-5793
-5363
-4965
-4572
-4501
-4958
-6488
-7935
-8804
-8567
-8769
-8759
-8596
-8493
-8237
-8383
-8285
-8245
-8169
-8386
-8630
-8754
-8448
-7434
-6394
-6141
-6182
-6013
-5686
-6080
-7447
-8950
-9609
-9917
-9775
-9847
-9517
-9081
-8675
-8154
-8037
-8102
-8290
-8402
-8553
-8874
-8017
-7126
-6879
-6646
-6165
-6037
-6182
-6455
-7161
-8240
-8809
-9191
-8837
-8929
-8721
-8373
-8025
-7882
-7859
-7532
-7380
-7517
-7680
-7575
-7292
-6533
-6584
-6570
-6760
-6305
-6108
-5993
-6661
-6920
-7714
-8204
-8464
-8138
-7849
-7634
-7548
-7569
-7352
-7155
-7197
-7401
-7708
-8358
-8089
-6899
-6328
-6041
-5889
-5330
-5441
-6279
-6658
-7389
-8576
-9040
-9068
-9008
-8654
-8455
-7695
-6939
-6459
-5814
-5731
-6401
-7007
-7525
-7491
-6684
-6600
-6320
-6559
-6369
-6636
-7352
-8246
-8155
-8880
-9253
-9607
-9086
-8984
-8682
-8565
-8335
-8076
-7938
-7817
-7751
-8215
-8521
-8342
-7372
-7295
-7054
-6896
-6804
-6944
-7294
-8201
-8472
-9224
-9173
-9017
-9266
-9373
-9070
-8400
-7815
-7436
-7212
-7023
-7285
-7884
-8159
-8060
-7331
-7074
-6626
-6420
-6355
-6209
-6464
-6992
-7878
-9066
-9591
-9841
-9114
-8776
-8597
-7885
-6792
-7158
-6771
-7030
-7374
-7523
-8174
-7655
-6806
-6551
-6251
-6166
-6037
-5968
-6307
-7382
-8087
-8780
-9058
-8681
-8612
-8663
-8302
-7326
-7424
-7387
-7625
-7771
-7696
-7900
-8358
-8255
-7044
-6599
-5839
-5852
-5383
-5755
-6057
-7294
-8275
-9216
-9561
-8669
-9139
-8879
-8851
-8125
-7430
-6842
-6440
-6455
-6791
-7468
-8153
-7839
-6880
-6010
-5697
-5288
-5053
-5663
-6208
-7022
-8587
-8894
-8784
-9101
-9257
-8769
-8705
-8263
-6752
-6002
-5614
-5644
-5972
-6010
-6201
-6438
-5282
-4120
-3439
-3275
-3086
-3111
-3822
-5392
-6597
-6843
-6961
-7179
-7010
-6700
-6588
-6439
-5496
-5407
-5354
-5053
-5176
-5794
-5629
-5958
-4783
-4368
-4352
-4199
-3922
-3836
-4166
-5310
-6524
-7021
-7311
-7403
-7100
-6806
-7014
-6633
-5921
-5577
-5390
-5104
-5293
-5866
-6631
-6684
-6352
-6373
-6023
-6153
-6575
-7137
-7448
-7275
-7718
-7721
-7720
-7448
-7539
-7124
-6615
-6124
-5495
-5274
-5249
-5236
-5276
-5639
-6101
-6026
-4796
-3808
-3152
-3347
-2859
-2697
-3132
-4442
-5911
-7163
-7283
-7406
-6682
-6504
-6743
-6883
-6214
-5689
-5397
-5536
-5379
-5751
-6089
-5996
-4762
-3944
-3523
-3183
-2902
-3079
-3498
-4553
-6524
-7781
-8026
-8262
-8201
-7881
-7187
-7334
-7533
-7100
-7173
-6905
-7007
-7408
-8018
-7733
-6163
-4530
-4185
-3904
-4033
-3712
-3549
-5314
-7659
-9273
-9723
-9701
-9387
-9189
-8357
-8116
-7677
-7291
-7002
-7119
-7387
-8263
-9152
-8935
-7280
-5798
-5340
-4887
-4630
-4504
-4982
-7405
-9196
-10254
-10309
-10362
-9889
-9524
-8659
-7988
-8045
-7867
-7594
-7692
-8014
-8524
-8689
-8787
-7889
-7091
-6535
-6415
-5997
-6092
-6658
-8070
-9158
-9651
-9719
-10194
-10126
-9801
-9006
-8638
-7430
-7098
-6879
-6676
-6780
-7429
-8138
-8535
-7744
-7039
-7190
-7358
-7803
-8083
-8097
-8446
-8461
-9004
-9098
-9113
-9113
-8839
-8197
-7706
-6718
-6355
-6068
-6363
-6497
-6993
-8084
-8667
-8081
-7496
-7752
-6533
-5819
-5663
-6048
-7204
-8738
-9297
-9379
-10082
-9752
-9313
-8842
-8192
-7697
-7252
-7217
-6990
-7463
-7861
-8793
-8735
-8715
-8052
-7862
-7405
-7001
-7066
-7464
-7866
-8921
-9521
-9595
-9247
-9185
-9226
-8568
-8038
-8463
-7841
-6754
-6307
-6561
-6839
-7601
-7573
-6920
-6193
-5341
-4996
-5010
-4809
-5097
-7013
-8972
-10323
-9995
-9938
-9603
-9441
-8698
-8647
-8330
-8011
-8217
-8440
-9099
-9190
-9409
-8870
-7525
-6756
-6221
-6059
-5442
-5030
-5602
-7142
-9007
-9956
-9969
-10031
-9989
-9878
-9558
-9038
-8915
-8657
-8350
-8420
-8443
-8868
-9045
-8991
-7643
-6424
-5856
-5461
-5053
-5106
-5681
-7278
-9242
-10300
-10614
-10694
-10584
-10320
-9794
-9350
-9153
-8840
-8536
-8553
-8699
-9176
-9901
-9868
-8287
-7138
-6271
-6038
-5387
-5449
-5783
-7358
-9551
-10320
-10526
-10740
-10360
-10256
-9766
-9254
-8884
-8646
-8423
-8510
-8644
-9255
-10035
-10182
-8754
-7094
-6151
-5885
-5374
-5458
-5761
-7285
-8932
-9843
-10009
-10094
-10076
-9552
-8926
-8576
-7973
-7741
-7662
-7875
-7976
-8595
-9482
-9629
-7602
-5606
-4990
-4769
-4671
-4870
-5709
-7295
-9234
-10096
-10253
-10443
-10300
-10049
-9269
-8551
-7825
-7947
-7905
-8055
-8225
-8450
-9199
-9725
-9699
-8595
-8669
-8134
-8205
-8185
-8114
-8393
-9304
-9883
-9690
-9850
-9988
-9539
-8664
-8032
-7785
-7484
-7522
-7440
-7520
-7876
-8677
-9045
-8421
-8261
-7451
-7757
-7915
-7824
-8443
